DATE,CPI (Inflation),Unemployment Rate,Nonfarm Payrolls,Total job openings,Initial Claim,Labor force participation rate,Average hourly Earning
1/1/01,175.6,4.2,132703,5234,,67.2,
1/6/01,,,,,337000,,
1/13/01,,,,,318000,,
1/20/01,,,,,343000,,
1/27/01,,,,,362000,,
2/1/01,176,4.2,132788,5097,,67.1,
2/3/01,,,,,376000,,
2/10/01,,,,,365000,,
2/17/01,,,,,358000,,
2/24/01,,,,,386000,,
3/1/01,176.1,4.3,132751,4762,,67.2,
3/3/01,,,,,384000,,
3/10/01,,,,,393000,,
3/17/01,,,,,393000,,
3/24/01,,,,,378000,,
3/31/01,,,,,388000,,
4/1/01,176.4,4.4,132457,4615,,66.9,
4/7/01,,,,,398000,,
4/14/01,,,,,383000,,
4/21/01,,,,,400000,,
4/28/01,,,,,406000,,
5/1/01,177.3,4.3,132409,4425,,66.7,
5/5/01,,,,,381000,,
5/12/01,,,,,390000,,
5/19/01,,,,,402000,,
5/26/01,,,,,405000,,
6/1/01,177.7,4.5,132299,4361,,66.7,
6/2/01,,,,,406000,,
6/9/01,,,,,411000,,
6/16/01,,,,,394000,,
6/23/01,,,,,381000,,
6/30/01,,,,,394000,,
7/1/01,177.4,4.6,132171,4447,,66.8,
7/7/01,,,,,401000,,
7/14/01,,,,,405000,,
7/21/01,,,,,398000,,
7/28/01,,,,,388000,,
8/1/01,177.4,4.9,132021,4024,,66.5,
8/4/01,,,,,401000,,
8/11/01,,,,,394000,,
8/18/01,,,,,402000,,
8/25/01,,,,,395000,,
9/1/01,178.1,5,131763,4071,402000,66.8,
9/8/01,,,,,408000,,
9/15/01,,,,,395000,,
9/22/01,,,,,453000,,
9/29/01,,,,,517000,,
10/1/01,177.6,5.3,131452,3707,,66.7,
10/6/01,,,,,476000,,
10/13/01,,,,,482000,,
10/20/01,,,,,482000,,
10/27/01,,,,,483000,,
11/1/01,177.5,5.5,131144,3775,,66.7,
11/3/01,,,,,440000,,
11/10/01,,,,,428000,,
11/17/01,,,,,431000,,
11/24/01,,,,,491000,,
12/1/01,177.4,5.7,130983,3677,465000,66.7,
12/8/01,,,,,393000,,
12/15/01,,,,,389000,,
12/22/01,,,,,416000,,
12/29/01,,,,,421000,,
1/1/02,177.7,5.7,130859,3699,,66.5,
1/5/02,,,,,397000,,
1/12/02,,,,,418000,,
1/19/02,,,,,405000,,
1/26/02,,,,,414000,,
2/1/02,178,5.7,130736,3436,,66.8,
2/2/02,,,,,404000,,
2/9/02,,,,,397000,,
2/16/02,,,,,397000,,
2/23/02,,,,,398000,,
3/1/02,178.5,5.7,130722,3612,,66.6,
3/2/02,,,,,392000,,
3/9/02,,,,,399000,,
3/16/02,,,,,392000,,
3/23/02,,,,,415000,,
3/30/02,,,,,479000,,
4/1/02,179.3,5.9,130615,3471,,66.7,
4/6/02,,,,,445000,,
4/13/02,,,,,442000,,
4/20/02,,,,,416000,,
4/27/02,,,,,414000,,
5/1/02,179.5,5.8,130632,3457,,66.7,
5/4/02,,,,,409000,,
5/11/02,,,,,413000,,
5/18/02,,,,,411000,,
5/25/02,,,,,403000,,
6/1/02,179.6,5.8,130673,3412,378000,66.6,
6/8/02,,,,,388000,,
6/15/02,,,,,396000,,
6/22/02,,,,,388000,,
6/29/02,,,,,386000,,
7/1/02,180,5.8,130583,3367,,66.5,
7/6/02,,,,,391000,,
7/13/02,,,,,384000,,
7/20/02,,,,,379000,,
7/27/02,,,,,390000,,
8/1/02,180.5,5.7,130582,3517,,66.6,
8/3/02,,,,,388000,,
8/10/02,,,,,389000,,
8/17/02,,,,,399000,,
8/24/02,,,,,398000,,
8/31/02,,,,,394000,,
9/1/02,180.8,5.7,130503,3301,,66.7,
9/7/02,,,,,416000,,
9/14/02,,,,,412000,,
9/21/02,,,,,401000,,
9/28/02,,,,,409000,,
10/1/02,181.2,5.7,130617,3479,,66.6,
10/5/02,,,,,404000,,
10/12/02,,,,,405000,,
10/19/02,,,,,412000,,
10/26/02,,,,,409000,,
11/1/02,181.5,5.9,130616,3514,,66.4,
11/2/02,,,,,405000,,
11/9/02,,,,,400000,,
11/16/02,,,,,389000,,
11/23/02,,,,,390000,,
11/30/02,,,,,377000,,
12/1/02,181.8,6,130465,3169,,66.3,
12/7/02,,,,,425000,,
12/14/02,,,,,429000,,
12/21/02,,,,,394000,,
12/28/02,,,,,409000,,
1/1/03,182.6,5.8,130573,3441,,66.4,
1/4/03,,,,,393000,,
1/11/03,,,,,378000,,
1/18/03,,,,,402000,,
1/25/03,,,,,407000,,
2/1/03,183.6,5.9,130441,3229,413000,66.4,
2/8/03,,,,,390000,,
2/15/03,,,,,420000,,
2/22/03,,,,,421000,,
3/1/03,183.9,5.9,130235,3099,436000,66.3,
3/8/03,,,,,424000,,
3/15/03,,,,,430000,,
3/22/03,,,,,411000,,
3/29/03,,,,,436000,,
4/1/03,183.2,6,130172,3108,,66.4,
4/5/03,,,,,417000,,
4/12/03,,,,,434000,,
4/19/03,,,,,450000,,
4/26/03,,,,,444000,,
5/1/03,182.9,6.1,130196,3289,,66.4,
5/3/03,,,,,428000,,
5/10/03,,,,,417000,,
5/17/03,,,,,425000,,
5/24/03,,,,,419000,,
5/31/03,,,,,431000,,
6/1/03,183.1,6.3,130185,3390,,66.5,
6/7/03,,,,,429000,,
6/14/03,,,,,421000,,
6/21/03,,,,,408000,,
6/28/03,,,,,429000,,
7/1/03,183.7,6.2,130184,2981,,66.2,
7/5/03,,,,,433000,,
7/12/03,,,,,412000,,
7/19/03,,,,,403000,,
7/26/03,,,,,398000,,
8/1/03,184.5,6.1,130153,3190,,66.1,
8/2/03,,,,,401000,,
8/9/03,,,,,404000,,
8/16/03,,,,,398000,,
8/23/03,,,,,391000,,
8/30/03,,,,,407000,,
9/1/03,185.1,6.1,130253,3091,,66.1,
9/6/03,,,,,422000,,
9/13/03,,,,,394000,,
9/20/03,,,,,379000,,
9/27/03,,,,,387000,,
10/1/03,184.9,6,130440,3305,,66.1,
10/4/03,,,,,386000,,
10/11/03,,,,,376000,,
10/18/03,,,,,387000,,
10/25/03,,,,,379000,,
11/1/03,185,5.8,130481,3324,363000,66.1,
11/8/03,,,,,371000,,
11/15/03,,,,,370000,,
11/22/03,,,,,354000,,
11/29/03,,,,,357000,,
12/1/03,185.5,5.7,130589,3414,,65.9,
12/6/03,,,,,367000,,
12/13/03,,,,,363000,,
12/20/03,,,,,354000,,
12/27/03,,,,,349000,,
1/1/04,186.3,5.7,130756,3424,,66.1,
1/3/04,,,,,356000,,
1/10/04,,,,,354000,,
1/17/04,,,,,362000,,
1/24/04,,,,,353000,,
1/31/04,,,,,376000,,
2/1/04,186.7,5.6,130820,3532,,66,
2/7/04,,,,,380000,,
2/14/04,,,,,356000,,
2/21/04,,,,,359000,,
2/28/04,,,,,348000,,
3/1/04,187.1,5.8,131139,3525,,66,
3/6/04,,,,,344000,,
3/13/04,,,,,338000,,
3/20/04,,,,,346000,,
3/27/04,,,,,340000,,
4/1/04,187.4,5.6,131412,3511,,65.9,
4/3/04,,,,,335000,,
4/10/04,,,,,355000,,
4/17/04,,,,,364000,,
4/24/04,,,,,339000,,
5/1/04,188.2,5.6,131697,3710,324000,66,
5/8/04,,,,,329000,,
5/15/04,,,,,349000,,
5/22/04,,,,,342000,,
5/29/04,,,,,337000,,
6/1/04,188.9,5.6,131794,3337,,66.1,
6/5/04,,,,,355000,,
6/12/04,,,,,339000,,
6/19/04,,,,,354000,,
6/26/04,,,,,348000,,
7/1/04,189.1,5.5,131853,3814,,66.1,
7/3/04,,,,,326000,,
7/10/04,,,,,345000,,
7/17/04,,,,,355000,,
7/24/04,,,,,348000,,
7/31/04,,,,,341000,,
8/1/04,189.2,5.4,131940,3541,,66,
8/7/04,,,,,336000,,
8/14/04,,,,,332000,,
8/21/04,,,,,343000,,
8/28/04,,,,,352000,,
9/1/04,189.8,5.4,132091,3821,,65.8,
9/4/04,,,,,326000,,
9/11/04,,,,,331000,,
9/18/04,,,,,341000,,
9/25/04,,,,,351000,,
10/1/04,190.8,5.5,132431,3943,,65.9,
10/2/04,,,,,335000,,
10/9/04,,,,,338000,,
10/16/04,,,,,327000,,
10/23/04,,,,,338000,,
10/30/04,,,,,332000,,
11/1/04,191.7,5.4,132504,3472,,66,
11/6/04,,,,,330000,,
11/13/04,,,,,337000,,
11/20/04,,,,,313000,,
11/27/04,,,,,335000,,
12/1/04,191.7,5.4,132629,4074,,65.9,
12/4/04,,,,,343000,,
12/11/04,,,,,316000,,
12/18/04,,,,,322000,,
12/25/04,,,,,320000,,
1/1/05,191.6,5.3,132781,3804,356000,65.8,
1/8/05,,,,,369000,,
1/15/05,,,,,332000,,
1/22/05,,,,,329000,,
1/29/05,,,,,331000,,
2/1/05,192.4,5.4,133033,3965,,65.9,
2/5/05,,,,,307000,,
2/12/05,,,,,308000,,
2/19/05,,,,,318000,,
2/26/05,,,,,314000,,
3/1/05,193.1,5.2,133152,4044,,65.9,
3/5/05,,,,,333000,,
3/12/05,,,,,324000,,
3/19/05,,,,,329000,,
3/26/05,,,,,342000,,
4/1/05,193.7,5.2,133519,4159,,66.1,
4/2/05,,,,,335000,,
4/9/05,,,,,323000,,
4/16/05,,,,,307000,,
4/23/05,,,,,317000,,
4/30/05,,,,,334000,,
5/1/05,193.6,5.1,133689,3797,,66.1,
5/7/05,,,,,327000,,
5/14/05,,,,,321000,,
5/21/05,,,,,320000,,
5/28/05,,,,,340000,,
6/1/05,193.7,5,133947,4062,,66.1,
6/4/05,,,,,338000,,
6/11/05,,,,,333000,,
6/18/05,,,,,321000,,
6/25/05,,,,,311000,,
7/1/05,194.9,5,134300,4256,,66.1,
7/2/05,,,,,327000,,
7/9/05,,,,,338000,,
7/16/05,,,,,323000,,
7/23/05,,,,,318000,,
7/30/05,,,,,316000,,
8/1/05,196.1,4.9,134503,4142,,66.2,
8/6/05,,,,,311000,,
8/13/05,,,,,319000,,
8/20/05,,,,,315000,,
8/27/05,,,,,318000,,
9/1/05,198.8,5,134554,4352,,66.1,
9/3/05,,,,,326000,,
9/10/05,,,,,422000,,
9/17/05,,,,,424000,,
9/24/05,,,,,359000,,
10/1/05,199.1,5,134643,4184,384000,66.1,
10/8/05,,,,,383000,,
10/15/05,,,,,348000,,
10/22/05,,,,,324000,,
10/29/05,,,,,322000,,
11/1/05,198.1,5,134999,4248,,66,
11/5/05,,,,,325000,,
11/12/05,,,,,309000,,
11/19/05,,,,,324000,,
11/26/05,,,,,311000,,
12/1/05,198.1,4.9,135158,4282,,66,
12/3/05,,,,,321000,,
12/10/05,,,,,327000,,
12/17/05,,,,,312000,,
12/24/05,,,,,320000,,
12/31/05,,,,,302000,,
1/1/06,199.3,4.7,135426,4397,,66,
1/7/06,,,,,326000,,
1/14/06,,,,,285000,,
1/21/06,,,,,290000,,
1/28/06,,,,,282000,,
2/1/06,199.4,4.8,135731,4325,,66.1,
2/4/06,,,,,289000,,
2/11/06,,,,,298000,,
2/18/06,,,,,283000,,
2/25/06,,,,,293000,,
3/1/06,199.7,4.7,136036,4732,,66.2,20.05
3/4/06,,,,,302000,,
3/11/06,,,,,307000,,
3/18/06,,,,,303000,,
3/25/06,,,,,295000,,
4/1/06,200.7,4.7,136208,4790,291000,66.1,20.15
4/8/06,,,,,299000,,
4/15/06,,,,,299000,,
4/22/06,,,,,308000,,
4/29/06,,,,,321000,,
5/1/06,201.3,4.6,136249,4463,,66.1,20.13
5/6/06,,,,,347000,,
5/13/06,,,,,335000,,
5/20/06,,,,,319000,,
5/27/06,,,,,330000,,
6/1/06,201.8,4.6,136335,4614,,66.2,20.23
6/3/06,,,,,307000,,
6/10/06,,,,,298000,,
6/17/06,,,,,308000,,
6/24/06,,,,,309000,,
7/1/06,202.9,4.7,136529,4394,316000,66.1,20.29
7/8/06,,,,,343000,,
7/15/06,,,,,318000,,
7/22/06,,,,,306000,,
7/29/06,,,,,311000,,
8/1/06,203.8,4.7,136693,4710,,66.2,20.32
8/5/06,,,,,318000,,
8/12/06,,,,,310000,,
8/19/06,,,,,315000,,
8/26/06,,,,,314000,,
9/1/06,202.8,4.5,136829,4737,,66.1,20.4
9/2/06,,,,,315000,,
9/9/06,,,,,314000,,
9/16/06,,,,,324000,,
9/23/06,,,,,319000,,
9/30/06,,,,,309000,,
10/1/06,201.9,4.4,136846,4591,,66.2,20.42
10/7/06,,,,,316000,,
10/14/06,,,,,305000,,
10/21/06,,,,,313000,,
10/28/06,,,,,328000,,
11/1/06,202,4.5,137061,4645,,66.3,20.49
11/4/06,,,,,319000,,
11/11/06,,,,,311000,,
11/18/06,,,,,326000,,
11/25/06,,,,,349000,,
12/1/06,203.1,4.4,137249,4620,,66.4,20.58
12/2/06,,,,,327000,,
12/9/06,,,,,311000,,
12/16/06,,,,,318000,,
12/23/06,,,,,323000,,
12/30/06,,,,,341000,,
1/1/07,203.437,4.6,137472,4763,,66.4,20.59
1/6/07,,,,,330000,,
1/13/07,,,,,296000,,
1/20/07,,,,,335000,,
1/27/07,,,,,308000,,
2/1/07,204.226,4.5,137558,4699,,66.3,20.68
2/3/07,,,,,310000,,
2/10/07,,,,,338000,,
2/17/07,,,,,321000,,
2/24/07,,,,,322000,,
3/1/07,205.288,4.4,137782,4962,,66.2,20.73
3/3/07,,,,,320000,,
3/10/07,,,,,308000,,
3/17/07,,,,,309000,,
3/24/07,,,,,303000,,
3/31/07,,,,,307000,,
4/1/07,205.904,4.5,137845,4689,,65.9,20.77
4/7/07,,,,,332000,,
4/14/07,,,,,327000,,
4/21/07,,,,,321000,,
4/28/07,,,,,301000,,
5/1/07,206.755,4.4,137993,4657,,66,20.84
5/5/07,,,,,300000,,
5/12/07,,,,,297000,,
5/19/07,,,,,310000,,
5/26/07,,,,,310000,,
6/1/07,207.234,4.6,138069,4859,,66,20.95
6/2/07,,,,,313000,,
6/9/07,,,,,313000,,
6/16/07,,,,,320000,,
6/23/07,,,,,313000,,
6/30/07,,,,,317000,,
7/1/07,207.603,4.7,138044,4598,,66,20.94
7/7/07,,,,,321000,,
7/14/07,,,,,317000,,
7/21/07,,,,,310000,,
7/28/07,,,,,305000,,
8/1/07,207.667,4.6,138013,4546,,65.8,21
8/4/07,,,,,314000,,
8/11/07,,,,,316000,,
8/18/07,,,,,321000,,
8/25/07,,,,,329000,,
9/1/07,208.547,4.7,138101,4652,314000,66,21.04
9/8/07,,,,,321000,,
9/15/07,,,,,313000,,
9/22/07,,,,,302000,,
9/29/07,,,,,317000,,
10/1/07,209.19,4.7,138177,4636,,65.8,21.07
10/6/07,,,,,316000,,
10/13/07,,,,,335000,,
10/20/07,,,,,334000,,
10/27/07,,,,,328000,,
11/1/07,210.834,4.7,138291,4646,,66,21.12
11/3/07,,,,,327000,,
11/10/07,,,,,333000,,
11/17/07,,,,,332000,,
11/24/07,,,,,352000,,
12/1/07,211.445,5,138395,4545,344000,66,21.16
12/8/07,,,,,332000,,
12/15/07,,,,,350000,,
12/22/07,,,,,355000,,
12/29/07,,,,,360000,,
1/1/08,212.174,5,138391,4624,,66.2,21.19
1/5/08,,,,,346000,,
1/12/08,,,,,322000,,
1/19/08,,,,,321000,,
1/26/08,,,,,366000,,
2/1/08,212.687,4.9,138327,4279,,66,21.27
2/2/08,,,,,350000,,
2/9/08,,,,,344000,,
2/16/08,,,,,339000,,
2/23/08,,,,,354000,,
3/1/08,213.448,5.1,138257,4225,345000,66.1,21.35
3/8/08,,,,,348000,,
3/15/08,,,,,369000,,
3/22/08,,,,,368000,,
3/29/08,,,,,387000,,
4/1/08,213.942,5,138038,4035,,65.9,21.38
4/5/08,,,,,354000,,
4/12/08,,,,,365000,,
4/19/08,,,,,349000,,
4/26/08,,,,,370000,,
5/1/08,215.208,5.4,137851,4194,,66.1,21.47
5/3/08,,,,,370000,,
5/10/08,,,,,366000,,
5/17/08,,,,,367000,,
5/24/08,,,,,369000,,
5/31/08,,,,,362000,,
6/1/08,217.463,5.6,137698,3830,,66.1,21.52
6/7/08,,,,,382000,,
6/14/08,,,,,378000,,
6/21/08,,,,,381000,,
6/28/08,,,,,392000,,
7/1/08,219.016,5.8,137498,3749,,66.1,21.61
7/5/08,,,,,371000,,
7/12/08,,,,,385000,,
7/19/08,,,,,402000,,
7/26/08,,,,,434000,,
8/1/08,218.69,6.1,137211,3674,,66.1,21.7
8/2/08,,,,,448000,,
8/9/08,,,,,430000,,
8/16/08,,,,,424000,,
8/23/08,,,,,421000,,
8/30/08,,,,,442000,,
9/1/08,218.877,6.1,136762,3222,,66,21.73
9/6/08,,,,,441000,,
9/13/08,,,,,449000,,
9/20/08,,,,,483000,,
9/27/08,,,,,483000,,
10/1/08,216.995,6.5,136293,3377,,66,21.76
10/4/08,,,,,482000,,
10/11/08,,,,,461000,,
10/18/08,,,,,478000,,
10/25/08,,,,,480000,,
11/1/08,213.153,6.8,135543,3231,490000,65.9,21.86
11/8/08,,,,,512000,,
11/15/08,,,,,536000,,
11/22/08,,,,,532000,,
11/29/08,,,,,529000,,
12/1/08,211.398,7.3,134847,3146,,65.8,21.94
12/6/08,,,,,570000,,
12/13/08,,,,,566000,,
12/20/08,,,,,587000,,
12/27/08,,,,,533000,,
1/1/09,211.933,7.8,134078,2738,,65.7,21.96
1/3/09,,,,,503000,,
1/10/09,,,,,551000,,
1/17/09,,,,,591000,,
1/24/09,,,,,586000,,
1/31/09,,,,,629000,,
2/1/09,212.705,8.3,133317,2864,,65.8,21.98
2/7/09,,,,,637000,,
2/14/09,,,,,632000,,
2/21/09,,,,,655000,,
2/28/09,,,,,652000,,
3/1/09,212.495,8.7,132492,2534,,65.6,22.05
3/7/09,,,,,660000,,
3/14/09,,,,,651000,,
3/21/09,,,,,661000,,
3/28/09,,,,,665000,,
4/1/09,212.709,9,131821,2295,,65.7,22.1
4/4/09,,,,,653000,,
4/11/09,,,,,599000,,
4/18/09,,,,,639000,,
4/25/09,,,,,620000,,
5/1/09,213.022,9.4,131468,2549,,65.7,22.12
5/2/09,,,,,602000,,
5/9/09,,,,,625000,,
5/16/09,,,,,620000,,
5/23/09,,,,,606000,,
5/30/09,,,,,607000,,
6/1/09,214.79,9.5,131007,2503,,65.7,22.14
6/6/09,,,,,596000,,
6/13/09,,,,,595000,,
6/20/09,,,,,608000,,
6/27/09,,,,,594000,,
7/1/09,214.726,9.5,130662,2232,,65.5,22.18
7/4/09,,,,,573000,,
7/11/09,,,,,546000,,
7/18/09,,,,,560000,,
7/25/09,,,,,587000,,
8/1/09,215.445,9.6,130472,2338,555000,65.4,22.23
8/8/09,,,,,555000,,
8/15/09,,,,,562000,,
8/22/09,,,,,560000,,
8/29/09,,,,,564000,,
9/1/09,215.861,9.8,130247,2487,,65.1,22.27
9/5/09,,,,,558000,,
9/12/09,,,,,542000,,
9/19/09,,,,,536000,,
9/26/09,,,,,554000,,
10/1/09,216.509,10,130062,2406,,65,22.31
10/3/09,,,,,533000,,
10/10/09,,,,,511000,,
10/17/09,,,,,531000,,
10/24/09,,,,,530000,,
10/31/09,,,,,522000,,
11/1/09,217.234,9.9,130058,2503,,65,22.33
11/7/09,,,,,512000,,
11/14/09,,,,,507000,,
11/21/09,,,,,482000,,
11/28/09,,,,,475000,,
12/1/09,217.347,9.9,129808,2568,,64.6,22.37
12/5/09,,,,,497000,,
12/12/09,,,,,498000,,
12/19/09,,,,,479000,,
12/26/09,,,,,468000,,
1/1/10,217.488,9.8,129802,2837,,64.8,22.41
1/2/10,,,,,456000,,
1/9/10,,,,,469000,,
1/16/10,,,,,507000,,
1/23/10,,,,,471000,,
1/30/10,,,,,496000,,
2/1/10,217.281,9.8,129705,2666,,64.9,22.46
2/6/10,,,,,466000,,
2/13/10,,,,,489000,,
2/20/10,,,,,500000,,
2/27/10,,,,,488000,,
3/1/10,217.353,9.9,129865,2679,,64.9,22.46
3/6/10,,,,,472000,,
3/13/10,,,,,478000,,
3/20/10,,,,,472000,,
3/27/10,,,,,459000,,
4/1/10,217.403,9.9,130120,3153,,65.2,22.49
4/3/10,,,,,479000,,
4/10/10,,,,,479000,,
4/17/10,,,,,469000,,
4/24/10,,,,,449000,,
5/1/10,217.29,9.6,130643,2988,451000,64.9,22.51
5/8/10,,,,,451000,,
5/15/10,,,,,474000,,
5/22/10,,,,,463000,,
5/29/10,,,,,458000,,
6/1/10,217.199,9.4,130509,2801,,64.6,22.53
6/5/10,,,,,459000,,
6/12/10,,,,,467000,,
6/19/10,,,,,452000,,
6/26/10,,,,,464000,,
7/1/10,217.605,9.4,130415,3082,,64.6,22.59
7/3/10,,,,,454000,,
7/10/10,,,,,439000,,
7/17/10,,,,,462000,,
7/24/10,,,,,465000,,
7/31/10,,,,,476000,,
8/1/10,217.923,9.5,130416,2999,,64.7,22.62
8/7/10,,,,,483000,,
8/14/10,,,,,486000,,
8/21/10,,,,,464000,,
8/28/10,,,,,467000,,
9/1/10,218.275,9.5,130342,2918,,64.6,22.67
9/4/10,,,,,452000,,
9/11/10,,,,,444000,,
9/18/10,,,,,459000,,
9/25/10,,,,,459000,,
10/1/10,219.035,9.4,130621,3235,,64.4,22.74
10/2/10,,,,,446000,,
10/9/10,,,,,459000,,
10/16/10,,,,,444000,,
10/23/10,,,,,432000,,
10/30/10,,,,,453000,,
11/1/10,219.59,9.8,130749,3211,,64.6,22.73
11/6/10,,,,,434000,,
11/13/10,,,,,432000,,
11/20/10,,,,,407000,,
11/27/10,,,,,432000,,
12/1/10,220.472,9.3,130830,3058,,64.3,22.76
12/4/10,,,,,428000,,
12/11/10,,,,,425000,,
12/18/10,,,,,424000,,
12/25/10,,,,,404000,,
1/1/11,221.187,9.1,130837,3104,413000,64.2,22.87
1/8/11,,,,,434000,,
1/15/11,,,,,421000,,
1/22/11,,,,,446000,,
1/29/11,,,,,420000,,
2/1/11,221.898,9,131056,3226,,64.1,22.87
2/5/11,,,,,402000,,
2/12/11,,,,,425000,,
2/19/11,,,,,394000,,
2/26/11,,,,,385000,,
3/1/11,223.046,9,131282,3261,,64.2,22.87
3/5/11,,,,,414000,,
3/12/11,,,,,404000,,
3/19/11,,,,,407000,,
3/26/11,,,,,399000,,
4/1/11,224.093,9.1,131597,3259,,64.2,22.91
4/2/11,,,,,395000,,
4/9/11,,,,,416000,,
4/16/11,,,,,402000,,
4/23/11,,,,,422000,,
4/30/11,,,,,468000,,
5/1/11,224.806,9,131704,3179,,64.1,22.97
5/7/11,,,,,435000,,
5/14/11,,,,,414000,,
5/21/11,,,,,423000,,
5/28/11,,,,,418000,,
6/1/11,224.806,9.1,131931,3455,,64,23.01
6/4/11,,,,,423000,,
6/11/11,,,,,413000,,
6/18/11,,,,,416000,,
6/25/11,,,,,421000,,
7/1/11,225.395,9,131993,3623,,64,23.11
7/2/11,,,,,418000,,
7/9/11,,,,,408000,,
7/16/11,,,,,420000,,
7/23/11,,,,,411000,,
7/30/11,,,,,406000,,
8/1/11,226.106,9,132125,3329,,64.1,23.07
8/6/11,,,,,405000,,
8/13/11,,,,,409000,,
8/20/11,,,,,415000,,
8/27/11,,,,,409000,,
9/1/11,226.597,9,132344,3774,,64.2,23.11
9/3/11,,,,,414000,,
9/10/11,,,,,429000,,
9/17/11,,,,,422000,,
9/24/11,,,,,406000,,
10/1/11,226.75,8.8,132553,3619,405000,64.1,23.18
10/8/11,,,,,410000,,
10/15/11,,,,,395000,,
10/22/11,,,,,403000,,
10/29/11,,,,,399000,,
11/1/11,227.169,8.6,132690,3565,,64.1,23.19
11/5/11,,,,,392000,,
11/12/11,,,,,383000,,
11/19/11,,,,,385000,,
11/26/11,,,,,397000,,
12/1/11,227.223,8.5,132888,3768,,64,23.22
12/3/11,,,,,387000,,
12/10/11,,,,,368000,,
12/17/11,,,,,368000,,
12/24/11,,,,,386000,,
12/31/11,,,,,376000,,
1/1/12,227.842,8.3,133245,3909,,63.7,23.26
1/7/12,,,,,391000,,
1/14/12,,,,,367000,,
1/21/12,,,,,381000,,
1/28/12,,,,,372000,,
2/1/12,228.329,8.3,133508,3616,,63.8,23.28
2/4/12,,,,,368000,,
2/11/12,,,,,361000,,
2/18/12,,,,,359000,,
2/25/12,,,,,365000,,
3/1/12,228.807,8.2,133748,3979,,63.8,23.36
3/3/12,,,,,375000,,
3/10/12,,,,,369000,,
3/17/12,,,,,368000,,
3/24/12,,,,,363000,,
3/31/12,,,,,358000,,
4/1/12,229.187,8.2,133825,3793,,63.7,23.38
4/7/12,,,,,387000,,
4/14/12,,,,,381000,,
4/21/12,,,,,387000,,
4/28/12,,,,,372000,,
5/1/12,228.713,8.2,133933,3835,,63.7,23.41
5/5/12,,,,,373000,,
5/12/12,,,,,369000,,
5/19/12,,,,,371000,,
5/26/12,,,,,381000,,
6/1/12,228.524,8.2,134012,3911,,63.8,23.46
6/2/12,,,,,377000,,
6/9/12,,,,,383000,,
6/16/12,,,,,384000,,
6/23/12,,,,,380000,,
6/30/12,,,,,372000,,
7/1/12,228.59,8.2,134157,3735,,63.7,23.49
7/7/12,,,,,360000,,
7/14/12,,,,,390000,,
7/21/12,,,,,368000,,
7/28/12,,,,,372000,,
8/1/12,229.918,8.1,134338,3809,,63.5,23.49
8/4/12,,,,,371000,,
8/11/12,,,,,369000,,
8/18/12,,,,,376000,,
8/25/12,,,,,377000,,
9/1/12,231.015,7.8,134517,3882,371000,63.6,23.57
9/8/12,,,,,393000,,
9/15/12,,,,,392000,,
9/22/12,,,,,377000,,
9/29/12,,,,,376000,,
10/1/12,231.638,7.8,134668,3775,,63.8,23.56
10/6/12,,,,,350000,,
10/13/12,,,,,386000,,
10/20/12,,,,,374000,,
10/27/12,,,,,364000,,
11/1/12,231.249,7.7,134825,3878,,63.6,23.63
11/3/12,,,,,365000,,
11/10/12,,,,,446000,,
11/17/12,,,,,406000,,
11/24/12,,,,,388000,,
12/1/12,231.221,7.9,135074,3970,375000,63.7,23.72
12/8/12,,,,,340000,,
12/15/12,,,,,356000,,
12/22/12,,,,,362000,,
12/29/12,,,,,362000,,
1/1/13,231.679,8,135257,3923,,63.7,23.75
1/5/13,,,,,363000,,
1/12/13,,,,,344000,,
1/19/13,,,,,339000,,
1/26/13,,,,,366000,,
2/1/13,232.937,7.7,135545,4004,,63.4,23.77
2/2/13,,,,,361000,,
2/9/13,,,,,347000,,
2/16/13,,,,,362000,,
2/23/13,,,,,342000,,
3/1/13,232.282,7.5,135689,4076,,63.3,23.8
3/2/13,,,,,340000,,
3/9/13,,,,,343000,,
3/16/13,,,,,343000,,
3/23/13,,,,,358000,,
3/30/13,,,,,375000,,
4/1/13,231.797,7.6,135873,3988,,63.4,23.87
4/6/13,,,,,359000,,
4/13/13,,,,,356000,,
4/20/13,,,,,343000,,
4/27/13,,,,,331000,,
5/1/13,231.893,7.5,136095,4145,,63.4,23.89
5/4/13,,,,,335000,,
5/11/13,,,,,360000,,
5/18/13,,,,,343000,,
5/25/13,,,,,353000,,
6/1/13,232.445,7.5,136279,4150,346000,63.4,23.96
6/8/13,,,,,337000,,
6/15/13,,,,,353000,,
6/22/13,,,,,347000,,
6/29/13,,,,,340000,,
7/1/13,232.9,7.3,136391,3885,,63.3,23.98
7/6/13,,,,,351000,,
7/13/13,,,,,344000,,
7/20/13,,,,,355000,,
7/27/13,,,,,334000,,
8/1/13,233.456,7.2,136646,4085,,63.3,24.02
8/3/13,,,,,339000,,
8/10/13,,,,,327000,,
8/17/13,,,,,340000,,
8/24/13,,,,,336000,,
8/31/13,,,,,325000,,
9/1/13,233.544,7.2,136821,4128,,63.2,24.06
9/7/13,,,,,300000,,
9/14/13,,,,,323000,,
9/21/13,,,,,314000,,
9/28/13,,,,,319000,,
10/1/13,233.669,7.2,137041,4222,,62.8,24.09
10/5/13,,,,,368000,,
10/12/13,,,,,368000,,
10/19/13,,,,,351000,,
10/26/13,,,,,347000,,
11/1/13,234.1,6.9,137316,4119,,63,24.16
11/2/13,,,,,342000,,
11/9/13,,,,,340000,,
11/16/13,,,,,331000,,
11/23/13,,,,,316000,,
11/30/13,,,,,312000,,
12/1/13,234.719,6.7,137373,4121,,62.9,24.18
12/7/13,,,,,354000,,
12/14/13,,,,,364000,,
12/21/13,,,,,334000,,
12/28/13,,,,,332000,,
1/1/14,235.288,6.6,137561,4127,,62.9,24.23
1/4/14,,,,,322000,,
1/11/14,,,,,318000,,
1/18/14,,,,,327000,,
1/25/14,,,,,340000,,
2/1/14,235.547,6.7,137712,4373,331000,62.9,24.33
2/8/14,,,,,337000,,
2/15/14,,,,,332000,,
2/22/14,,,,,341000,,
3/1/14,236.028,6.7,137985,4388,319000,63.1,24.31
3/8/14,,,,,322000,,
3/15/14,,,,,321000,,
3/22/14,,,,,313000,,
3/29/14,,,,,330000,,
4/1/14,236.468,6.2,138297,4566,,62.8,24.34
4/5/14,,,,,311000,,
4/12/14,,,,,308000,,
4/19/14,,,,,327000,,
4/26/14,,,,,345000,,
5/1/14,236.918,6.3,138512,4747,,62.9,24.4
5/3/14,,,,,325000,,
5/10/14,,,,,303000,,
5/17/14,,,,,324000,,
5/24/14,,,,,305000,,
5/31/14,,,,,312000,,
6/1/14,237.231,6.1,138849,4982,,62.8,24.46
6/7/14,,,,,317000,,
6/14/14,,,,,314000,,
6/21/14,,,,,315000,,
6/28/14,,,,,308000,,
7/1/14,237.498,6.2,139073,4846,,62.9,24.48
7/5/14,,,,,302000,,
7/12/14,,,,,308000,,
7/19/14,,,,,294000,,
7/26/14,,,,,303000,,
8/1/14,237.46,6.1,139269,5349,,62.9,24.54
8/2/14,,,,,295000,,
8/9/14,,,,,309000,,
8/16/14,,,,,303000,,
8/23/14,,,,,300000,,
8/30/14,,,,,303000,,
9/1/14,237.477,5.9,139563,4914,,62.8,24.55
9/6/14,,,,,307000,,
9/13/14,,,,,288000,,
9/20/14,,,,,295000,,
9/27/14,,,,,290000,,
10/1/14,237.43,5.7,139797,5012,,62.9,24.58
10/4/14,,,,,293000,,
10/11/14,,,,,281000,,
10/18/14,,,,,290000,,
10/25/14,,,,,291000,,
11/1/14,236.983,5.8,140090,4843,280000,62.9,24.66
11/8/14,,,,,291000,,
11/15/14,,,,,293000,,
11/22/14,,,,,303000,,
11/29/14,,,,,291000,,
12/1/14,236.252,5.6,140364,5130,,62.8,24.63
12/6/14,,,,,291000,,
12/13/14,,,,,286000,,
12/20/14,,,,,276000,,
12/27/14,,,,,285000,,
1/1/15,234.747,5.7,140568,5344,,62.9,24.75
1/3/15,,,,,294000,,
1/10/15,,,,,304000,,
1/17/15,,,,,298000,,
1/24/15,,,,,261000,,
1/31/15,,,,,281000,,
2/1/15,235.342,5.5,140827,5466,,62.7,24.8
2/7/15,,,,,298000,,
2/14/15,,,,,285000,,
2/21/15,,,,,305000,,
2/28/15,,,,,317000,,
3/1/15,235.976,5.4,140923,5210,,62.6,24.85
3/7/15,,,,,293000,,
3/14/15,,,,,290000,,
3/21/15,,,,,284000,,
3/28/15,,,,,269000,,
4/1/15,236.222,5.4,141196,5598,,62.8,24.89
4/4/15,,,,,282000,,
4/11/15,,,,,298000,,
4/18/15,,,,,295000,,
4/25/15,,,,,269000,,
5/1/15,237.001,5.6,141538,5563,,62.9,24.97
5/2/15,,,,,267000,,
5/9/15,,,,,271000,,
5/16/15,,,,,276000,,
5/23/15,,,,,281000,,
5/30/15,,,,,275000,,
6/1/15,237.657,5.3,141709,5248,,62.7,24.97
6/6/15,,,,,278000,,
6/13/15,,,,,269000,,
6/20/15,,,,,273000,,
6/27/15,,,,,275000,,
7/1/15,238.034,5.2,141991,6056,,62.6,25.01
7/4/15,,,,,292000,,
7/11/15,,,,,285000,,
7/18/15,,,,,265000,,
7/25/15,,,,,269000,,
8/1/15,238.033,5.1,142125,5467,270000,62.6,25.09
8/8/15,,,,,274000,,
8/15/15,,,,,279000,,
8/22/15,,,,,274000,,
8/29/15,,,,,279000,,
9/1/15,237.498,5,142275,5488,,62.4,25.11
9/5/15,,,,,273000,,
9/12/15,,,,,264000,,
9/19/15,,,,,269000,,
9/26/15,,,,,272000,,
10/1/15,237.733,5,142579,5773,,62.5,25.2
10/3/15,,,,,267000,,
10/10/15,,,,,265000,,
10/17/15,,,,,264000,,
10/24/15,,,,,264000,,
10/31/15,,,,,275000,,
11/1/15,238.017,5.1,142808,5708,,62.5,25.25
11/7/15,,,,,276000,,
11/14/15,,,,,272000,,
11/21/15,,,,,261000,,
11/28/15,,,,,265000,,
12/1/15,237.761,5,143077,5845,,62.7,25.25
12/5/15,,,,,280000,,
12/12/15,,,,,268000,,
12/19/15,,,,,260000,,
12/26/15,,,,,276000,,
1/1/16,237.652,4.8,143210,6012,,62.7,25.37
1/2/16,,,,,273000,,
1/9/16,,,,,284000,,
1/16/16,,,,,290000,,
1/23/16,,,,,269000,,
1/30/16,,,,,282000,,
2/1/16,237.336,4.9,143407,5770,,62.8,25.38
2/6/16,,,,,266000,,
2/13/16,,,,,262000,,
2/20/16,,,,,270000,,
2/27/16,,,,,269000,,
3/1/16,238.08,5,143662,6129,,63,25.45
3/5/16,,,,,255000,,
3/12/16,,,,,263000,,
3/19/16,,,,,264000,,
3/26/16,,,,,271000,,
4/1/16,238.992,5.1,143855,5803,,62.9,25.53
4/2/16,,,,,273000,,
4/9/16,,,,,263000,,
4/16/16,,,,,257000,,
4/23/16,,,,,259000,,
4/30/16,,,,,278000,,
5/1/16,239.557,4.8,143900,5777,,62.7,25.58
5/7/16,,,,,289000,,
5/14/16,,,,,279000,,
5/21/16,,,,,267000,,
5/28/16,,,,,263000,,
6/1/16,240.222,4.9,144146,5742,,62.7,25.62
6/4/16,,,,,265000,,
6/11/16,,,,,273000,,
6/18/16,,,,,261000,,
6/25/16,,,,,262000,,
7/1/16,240.101,4.8,144520,5962,,62.8,25.69
7/2/16,,,,,255000,,
7/9/16,,,,,252000,,
7/16/16,,,,,260000,,
7/23/16,,,,,264000,,
7/30/16,,,,,266000,,
8/1/16,240.545,4.9,144662,5677,,62.9,25.71
8/6/16,,,,,265000,,
8/13/16,,,,,264000,,
8/20/16,,,,,264000,,
8/27/16,,,,,261000,,
9/1/16,241.176,5,144967,5868,,62.9,25.77
9/3/16,,,,,257000,,
9/10/16,,,,,252000,,
9/17/16,,,,,250000,,
9/24/16,,,,,247000,,
10/1/16,241.741,4.9,145066,5591,245000,62.8,25.9
10/8/16,,,,,250000,,
10/15/16,,,,,263000,,
10/22/16,,,,,256000,,
10/29/16,,,,,265000,,
11/1/16,242.026,4.7,145183,5971,,62.7,25.9
11/5/16,,,,,250000,,
11/12/16,,,,,232000,,
11/19/16,,,,,246000,,
11/26/16,,,,,255000,,
12/1/16,242.637,4.7,145408,5964,,62.7,25.93
12/3/16,,,,,248000,,
12/10/16,,,,,252000,,
12/17/16,,,,,260000,,
12/24/16,,,,,257000,,
12/31/16,,,,,244000,,
1/1/17,243.618,4.7,145628,5617,,62.8,26
1/7/17,,,,,245000,,
1/14/17,,,,,240000,,
1/21/17,,,,,250000,,
1/28/17,,,,,241000,,
2/1/17,244.006,4.6,145848,5923,,62.9,26.07
2/4/17,,,,,230000,,
2/11/17,,,,,233000,,
2/18/17,,,,,237000,,
2/25/17,,,,,221000,,
3/1/17,243.892,4.4,145969,5811,,62.9,26.11
3/4/17,,,,,236000,,
3/11/17,,,,,228000,,
3/18/17,,,,,235000,,
3/25/17,,,,,236000,,
4/1/17,244.193,4.4,146174,6091,216000,63,26.17
4/8/17,,,,,222000,,
4/15/17,,,,,231000,,
4/22/17,,,,,238000,,
4/29/17,,,,,232000,,
5/1/17,244.004,4.4,146380,5826,,62.8,26.21
5/6/17,,,,,233000,,
5/13/17,,,,,234000,,
5/20/17,,,,,236000,,
5/27/17,,,,,253000,,
6/1/17,244.163,4.3,146583,6305,,62.8,26.26
6/3/17,,,,,251000,,
6/10/17,,,,,245000,,
6/17/17,,,,,249000,,
6/24/17,,,,,247000,,
7/1/17,244.243,4.3,146772,6238,256000,62.9,26.35
7/8/17,,,,,259000,,
7/15/17,,,,,245000,,
7/22/17,,,,,249000,,
7/29/17,,,,,245000,,
8/1/17,245.183,4.4,146919,6276,,62.9,26.37
8/5/17,,,,,254000,,
8/12/17,,,,,245000,,
8/19/17,,,,,245000,,
8/26/17,,,,,247000,,
9/1/17,246.435,4.3,147007,6320,,63.1,26.49
9/2/17,,,,,297000,,
9/9/17,,,,,280000,,
9/16/17,,,,,261000,,
9/23/17,,,,,264000,,
9/30/17,,,,,260000,,
10/1/17,246.626,4.2,147150,6408,,62.7,26.5
10/7/17,,,,,252000,,
10/14/17,,,,,235000,,
10/21/17,,,,,241000,,
10/28/17,,,,,241000,,
11/1/17,247.284,4.2,147373,6271,,62.7,26.54
11/4/17,,,,,248000,,
11/11/17,,,,,254000,,
11/18/17,,,,,246000,,
11/25/17,,,,,243000,,
12/1/17,247.805,4.1,147523,6336,,62.7,26.63
12/2/17,,,,,241000,,
12/9/17,,,,,229000,,
12/16/17,,,,,244000,,
12/23/17,,,,,251000,,
12/30/17,,,,,248000,,
1/1/18,248.859,4,147660,6621,,62.7,26.72
1/6/18,,,,,252000,,
1/13/18,,,,,230000,,
1/20/18,,,,,231000,,
1/27/18,,,,,228000,,
2/1/18,249.529,4.1,148054,6552,,63,26.74
2/3/18,,,,,224000,,
2/10/18,,,,,225000,,
2/17/18,,,,,219000,,
2/24/18,,,,,216000,,
3/1/18,249.577,4,148280,6818,,62.9,26.85
3/3/18,,,,,228000,,
3/10/18,,,,,223000,,
3/17/18,,,,,225000,,
3/24/18,,,,,221000,,
3/31/18,,,,,232000,,
4/1/18,250.227,4,148422,6877,,62.9,26.91
4/7/18,,,,,234000,,
4/14/18,,,,,236000,,
4/21/18,,,,,207000,,
4/28/18,,,,,209000,,
5/1/18,250.792,3.8,148740,7016,,62.9,26.98
5/5/18,,,,,211000,,
5/12/18,,,,,222000,,
5/19/18,,,,,230000,,
5/26/18,,,,,222000,,
6/1/18,251.018,4,148959,7230,,63,27.03
6/2/18,,,,,223000,,
6/9/18,,,,,222000,,
6/16/18,,,,,218000,,
6/23/18,,,,,222000,,
6/30/18,,,,,228000,,
7/1/18,251.214,3.8,149020,7190,,63,27.1
7/7/18,,,,,216000,,
7/14/18,,,,,205000,,
7/21/18,,,,,210000,,
7/28/18,,,,,207000,,
8/1/18,251.663,3.8,149279,7208,,62.6,27.21
8/4/18,,,,,210000,,
8/11/18,,,,,206000,,
8/18/18,,,,,207000,,
8/25/18,,,,,211000,,
9/1/18,252.182,3.7,149358,7411,201000,62.8,27.32
9/8/18,,,,,204000,,
9/15/18,,,,,206000,,
9/22/18,,,,,205000,,
9/29/18,,,,,210000,,
10/1/18,252.772,3.8,149526,7304,,62.9,27.37
10/6/18,,,,,211000,,
10/13/18,,,,,208000,,
10/20/18,,,,,217000,,
10/27/18,,,,,216000,,
11/1/18,252.594,3.8,149617,7594,,62.9,27.44
11/3/18,,,,,218000,,
11/10/18,,,,,221000,,
11/17/18,,,,,225000,,
11/24/18,,,,,237000,,
12/1/18,252.767,3.9,149809,7489,232000,63,27.56
12/8/18,,,,,208000,,
12/15/18,,,,,217000,,
12/22/18,,,,,228000,,
12/29/18,,,,,238000,,
1/1/19,252.561,4,150059,7502,,63.1,27.59
1/5/19,,,,,225000,,
1/12/19,,,,,218000,,
1/19/19,,,,,214000,,
1/26/19,,,,,234000,,
2/1/19,253.319,3.8,150065,7066,,63.1,27.69
2/2/19,,,,,232000,,
2/9/19,,,,,226000,,
2/16/19,,,,,211000,,
2/23/19,,,,,221000,,
3/1/19,254.277,3.8,150295,7317,,63,27.77
3/2/19,,,,,216000,,
3/9/19,,,,,218000,,
3/16/19,,,,,212000,,
3/23/19,,,,,210000,,
3/30/19,,,,,203000,,
4/1/19,255.233,3.7,150593,7272,,62.8,27.79
4/6/19,,,,,196000,,
4/13/19,,,,,197000,,
4/20/19,,,,,222000,,
4/27/19,,,,,224000,,
5/1/19,255.296,3.6,150621,7275,,62.9,27.88
5/4/19,,,,,225000,,
5/11/19,,,,,212000,,
5/18/19,,,,,215000,,
5/25/19,,,,,222000,,
6/1/19,255.213,3.6,150839,7194,223000,63,27.96
6/8/19,,,,,226000,,
6/15/19,,,,,217000,,
6/22/19,,,,,234000,,
6/29/19,,,,,226000,,
7/1/19,255.802,3.7,150936,7042,,63.1,28.03
7/6/19,,,,,215000,,
7/13/19,,,,,211000,,
7/20/19,,,,,202000,,
7/27/19,,,,,206000,,
8/1/19,256.036,3.6,151171,7178,,63.1,28.14
8/3/19,,,,,208000,,
8/10/19,,,,,212000,,
8/17/19,,,,,207000,,
8/24/19,,,,,213000,,
8/31/19,,,,,215000,,
9/1/19,256.43,3.5,151365,7124,,63.2,28.16
9/7/19,,,,,207000,,
9/14/19,,,,,205000,,
9/21/19,,,,,211000,,
9/28/19,,,,,215000,,
10/1/19,257.155,3.6,151460,7289,,63.3,28.23
10/5/19,,,,,209000,,
10/12/19,,,,,215000,,
10/19/19,,,,,210000,,
10/26/19,,,,,215000,,
11/1/19,257.879,3.6,151668,6888,,63.3,28.34
11/2/19,,,,,214000,,
11/9/19,,,,,227000,,
11/16/19,,,,,229000,,
11/23/19,,,,,221000,,
11/30/19,,,,,231000,,
12/1/19,258.63,3.6,151795,6699,,63.3,28.38
12/7/19,,,,,247000,,
12/14/19,,,,,236000,,
12/21/19,,,,,230000,,
12/28/19,,,,,231000,,
1/1/20,259.127,3.6,152031,7124,,63.3,28.43
1/4/20,,,,,224000,,
1/11/20,,,,,207000,,
1/18/20,,,,,221000,,
1/25/20,,,,,210000,,
2/1/20,259.25,3.5,152292,6966,207000,63.3,28.54
2/8/20,,,,,202000,,
2/15/20,,,,,209000,,
2/22/20,,,,,218000,,
2/29/20,,,,,215000,,
3/1/20,258.076,4.4,150895,5894,,62.6,28.74
3/7/20,,,,,208000,,
3/14/20,,,,,273000,,
3/21/20,,,,,2914000,,
3/28/20,,,,,5946000,,
4/1/20,256.032,14.8,130424,4606,,60.1,30.04
4/4/20,,,,,6137000,,
4/11/20,,,,,4869000,,
4/18/20,,,,,4201000,,
4/25/20,,,,,3446000,,
5/1/20,255.802,13.2,133040,5612,,60.8,29.72
5/2/20,,,,,2796000,,
5/9/20,,,,,2335000,,
5/16/20,,,,,2176000,,
5/23/20,,,,,1921000,,
5/30/20,,,,,1639000,,
6/1/20,257.042,11,137671,6129,,61.5,29.38
6/6/20,,,,,1575000,,
6/13/20,,,,,1473000,,
6/20/20,,,,,1467000,,
6/27/20,,,,,1446000,,
7/1/20,258.352,10.2,139255,6530,,61.5,29.39
7/4/20,,,,,1413000,,
7/11/20,,,,,1468000,,
7/18/20,,,,,1393000,,
7/25/20,,,,,1260000,,
8/1/20,259.316,8.4,140819,6429,1044000,61.7,29.5
8/8/20,,,,,884000,,
8/15/20,,,,,927000,,
8/22/20,,,,,876000,,
8/29/20,,,,,881000,,
9/1/20,259.997,7.8,141770,6511,,61.4,29.51
9/5/20,,,,,892000,,
9/12/20,,,,,861000,,
9/19/20,,,,,859000,,
9/26/20,,,,,795000,,
10/1/20,260.319,6.9,142461,6798,,61.7,29.55
10/3/20,,,,,785000,,
10/10/20,,,,,839000,,
10/17/20,,,,,804000,,
10/24/20,,,,,776000,,
10/31/20,,,,,773000,,
11/1/20,260.911,6.7,142731,6820,,61.5,29.64
11/7/20,,,,,737000,,
11/14/20,,,,,738000,,
11/21/20,,,,,793000,,
11/28/20,,,,,737000,,
12/1/20,262.045,6.7,142548,6773,,61.5,29.91
12/5/20,,,,,873000,,
12/12/20,,,,,886000,,
12/19/20,,,,,815000,,
12/26/20,,,,,773000,,
1/1/21,262.639,6.4,142913,7204,,61.4,29.92
1/2/21,,,,,803000,,
1/9/21,,,,,890000,,
1/16/21,,,,,844000,,
1/23/21,,,,,799000,,
1/30/21,,,,,803000,,
2/1/21,263.573,6.2,143422,7752,,61.4,30.07
2/6/21,,,,,812000,,
2/13/21,,,,,802000,,
2/20/21,,,,,702000,,
2/27/21,,,,,704000,,
3/1/21,264.847,6.1,144246,8470,,61.5,30.04
3/6/21,,,,,693000,,
3/13/21,,,,,699000,,
3/20/21,,,,,627000,,
3/27/21,,,,,658000,,
4/1/21,266.625,6.1,144611,9356,,61.6,30.23
4/3/21,,,,,645000,,
4/10/21,,,,,571000,,
4/17/21,,,,,566000,,
4/24/21,,,,,574000,,
5/1/21,268.404,5.8,145032,9905,517000,61.6,30.41
5/8/21,,,,,494000,,
5/15/21,,,,,467000,,
5/22/21,,,,,441000,,
5/29/21,,,,,427000,,
6/1/21,270.71,5.9,145828,10298,,61.7,30.55
6/5/21,,,,,420000,,
6/12/21,,,,,428000,,
6/19/21,,,,,422000,,
6/26/21,,,,,369000,,
7/1/21,271.965,5.4,146759,11049,,61.8,30.66
7/3/21,,,,,371000,,
7/10/21,,,,,332000,,
7/17/21,,,,,387000,,
7/24/21,,,,,380000,,
7/31/21,,,,,380000,,
8/1/21,272.752,5.1,147246,10956,,61.7,30.79
8/7/21,,,,,361000,,
8/14/21,,,,,368000,,
8/21/21,,,,,358000,,
8/28/21,,,,,353000,,
9/1/21,273.942,4.7,147712,10879,,61.7,30.96
9/4/21,,,,,337000,,
9/11/21,,,,,344000,,
9/18/21,,,,,367000,,
9/25/21,,,,,374000,,
10/1/21,276.528,4.5,148569,11341,,61.8,31.15
10/2/21,,,,,314000,,
10/9/21,,,,,290000,,
10/16/21,,,,,290000,,
10/23/21,,,,,268000,,
10/30/21,,,,,262000,,
11/1/21,278.824,4.2,149206,11119,,61.9,31.25
11/6/21,,,,,251000,,
11/13/21,,,,,250000,,
11/20/21,,,,,223000,,
11/27/21,,,,,222000,,
12/1/21,280.806,3.9,149781,11417,,62,31.41
12/4/21,,,,,207000,,
12/11/21,,,,,227000,,
12/18/21,,,,,215000,,
12/25/21,,,,,216000,,
1/1/22,282.542,4,150006,11238,227000,62.2,31.62
1/8/22,,,,,247000,,
1/15/22,,,,,245000,,
1/22/22,,,,,238000,,
1/29/22,,,,,231000,,
2/1/22,284.525,3.8,150875,11661,,62.2,31.66
2/5/22,,,,,210000,,
2/12/22,,,,,234000,,
2/19/22,,,,,225000,,
2/26/22,,,,,209000,,
3/1/22,287.467,3.7,151346,12134,,62.3,31.82
3/5/22,,,,,222000,,
3/12/22,,,,,217000,,
3/19/22,,,,,207000,,
3/26/22,,,,,214000,,
4/1/22,288.582,3.7,151651,11881,,62.2,31.96
4/2/22,,,,,215000,,
4/9/22,,,,,213000,,
4/16/22,,,,,209000,,
4/23/22,,,,,210000,,
4/30/22,,,,,219000,,
5/1/22,291.299,3.6,151892,11483,,62.3,32.1
5/7/22,,,,,204000,,
5/14/22,,,,,225000,,
5/21/22,,,,,211000,,
5/28/22,,,,,200000,,
6/1/22,295.072,3.6,152353,11256,,62.2,32.2
6/4/22,,,,,214000,,
6/11/22,,,,,213000,,
6/18/22,,,,,215000,,
6/25/22,,,,,212000,,
7/1/22,294.94,3.5,153049,11610,,62.1,32.35
7/2/22,,,,,215000,,
7/9/22,,,,,212000,,
7/16/22,,,,,216000,,
7/23/22,,,,,220000,,
7/30/22,,,,,228000,,
8/1/22,295.162,3.6,153286,10148,,62.3,32.44
8/6/22,,,,,221000,,
8/13/22,,,,,220000,,
8/20/22,,,,,215000,,
8/27/22,,,,,210000,,
9/1/22,296.421,3.5,153513,10812,,62.3,32.55
9/3/22,,,,,204000,,
9/10/22,,,,,197000,,
9/17/22,,,,,201000,,
9/24/22,,,,,189000,,
10/1/22,297.979,3.6,153913,10488,204000,62.2,32.7
10/8/22,,,,,206000,,
10/15/22,,,,,199000,,
10/22/22,,,,,201000,,
10/29/22,,,,,202000,,
11/1/22,298.708,3.6,154210,10619,,62.1,32.84
11/5/22,,,,,204000,,
11/12/22,,,,,210000,,
11/19/22,,,,,220000,,
11/26/22,,,,,209000,,
12/1/22,298.808,3.5,154336,10876,,62.3,32.96
12/3/22,,,,,209000,,
12/10/22,,,,,210000,,
12/17/22,,,,,213000,,
12/24/22,,,,,204000,,
12/31/22,,,,,204000,,
1/1/23,300.456,3.5,154780,10393,,62.4,33.05
1/7/23,,,,,208000,,
1/14/23,,,,,203000,,
1/21/23,,,,,203000,,
1/28/23,,,,,200000,,
2/1/23,301.476,3.6,155086,9846,,62.5,33.16
2/4/23,,,,,215000,,
2/11/23,,,,,219000,,
2/18/23,,,,,217000,,
2/25/23,,,,,209000,,
3/1/23,301.643,3.5,155171,9572,,62.6,33.28
3/4/23,,,,,229000,,
3/11/23,,,,,222000,,
3/18/23,,,,,230000,,
3/25/23,,,,,234000,,
4/1/23,302.858,3.4,155387,9992,217000,62.6,33.42
4/8/23,,,,,219000,,
4/15/23,,,,,223000,,
4/22/23,,,,,210000,,
4/29/23,,,,,214000,,
5/1/23,303.316,3.6,155614,9310,,62.6,33.52
5/6/23,,,,,223000,,
5/13/23,,,,,225000,,
5/20/23,,,,,227000,,
5/27/23,,,,,230000,,
6/1/23,304.099,3.6,155871,9191,,62.6,33.69
6/3/23,,,,,253000,,
6/10/23,,,,,258000,,
6/17/23,,,,,260000,,
6/24/23,,,,,236000,,
7/1/23,304.615,3.5,156019,8606,248000,62.6,33.84
7/8/23,,,,,229000,,
7/15/23,,,,,228000,,
7/22/23,,,,,231000,,
7/29/23,,,,,238000,,
8/1/23,306.138,3.7,156176,9287,,62.8,33.89
8/5/23,,,,,258000,,
8/12/23,,,,,248000,,
8/19/23,,,,,240000,,
8/26/23,,,,,234000,,
9/1/23,307.374,3.8,156334,9279,,62.7,33.99
9/2/23,,,,,227000,,
9/9/23,,,,,227000,,
9/16/23,,,,,210000,,
9/23/23,,,,,215000,,
9/30/23,,,,,216000,,
10/1/23,307.653,3.9,156520,8550,,62.7,34.07
10/7/23,,,,,210000,,
10/14/23,,,,,200000,,
10/21/23,,,,,214000,,
10/28/23,,,,,217000,,
11/1/23,308.087,3.7,156661,8663,,62.8,34.19
11/4/23,,,,,216000,,
11/11/23,,,,,229000,,
11/18/23,,,,,213000,,
11/25/23,,,,,214000,,
12/1/23,308.735,3.8,156930,8585,,62.5,34.31
12/2/23,,,,,216000,,
12/9/23,,,,,204000,,
12/16/23,,,,,209000,,
12/23/23,,,,,210000,,
12/30/23,,,,,198000,,
1/1/24,309.794,3.7,157049,8468,,62.5,34.47
1/6/24,,,,,199000,,
1/13/24,,,,,193000,,
1/20/24,,,,,223000,,
1/27/24,,,,,225000,,
2/1/24,311.022,3.9,157271,8445,,62.6,34.54
2/3/24,,,,,214000,,
2/10/24,,,,,212000,,
2/17/24,,,,,203000,,
2/24/24,,,,,214000,,
3/1/24,312.107,3.9,157517,8093,,62.7,34.67
3/2/24,,,,,212000,,
3/9/24,,,,,213000,,
3/16/24,,,,,213000,,
3/23/24,,,,,214000,,
3/30/24,,,,,223000,,
4/1/24,313.016,3.9,157635,7619,,62.7,34.75
4/6/24,,,,,212000,,
4/13/24,,,,,211000,,
4/20/24,,,,,209000,,
4/27/24,,,,,209000,,
5/1/24,313.14,4,157828,7901,,62.6,34.89
5/4/24,,,,,229000,,
5/11/24,,,,,222000,,
5/18/24,,,,,216000,,
5/25/24,,,,,221000,,
6/1/24,313.131,4.1,157915,7412,229000,62.6,35
6/8/24,,,,,241000,,
6/15/24,,,,,237000,,
6/22/24,,,,,233000,,
6/29/24,,,,,238000,,
7/1/24,313.566,4.2,158003,7504,,62.7,35.07
7/6/24,,,,,222000,,
7/13/24,,,,,240000,,
7/20/24,,,,,236000,,
7/27/24,,,,,248000,,
8/1/24,314.131,4.2,158074,7649,,62.7,35.23
8/3/24,,,,,234000,,
8/10/24,,,,,228000,,
8/17/24,,,,,232000,,
8/24/24,,,,,232000,,
8/31/24,,,,,228000,,
9/1/24,314.851,4.1,158314,7103,,62.7,35.33
9/7/24,,,,,230000,,
9/14/24,,,,,222000,,
9/21/24,,,,,221000,,
9/28/24,,,,,227000,,
10/1/24,315.564,4.1,158358,7615,,62.5,35.48
10/5/24,,,,,259000,,
10/12/24,,,,,240000,,
10/19/24,,,,,228000,,
10/26/24,,,,,218000,,
11/1/24,316.449,4.2,158619,8031,,62.5,35.61
11/2/24,,,,,221000,,
11/9/24,,,,,219000,,
11/16/24,,,,,216000,,
11/23/24,,,,,216000,,
11/30/24,,,,,225000,,
12/1/24,317.603,4.1,158942,7508,,62.5,35.68
12/7/24,,,,,239000,,
12/14/24,,,,,222000,,
12/21/24,,,,,219000,,
12/28/24,,,,,209000,,
1/1/25,319.086,4,159053,7762,,62.6,35.83
1/4/25,,,,,205000,,
1/11/25,,,,,217000,,
1/18/25,,,,,222000,,
1/25/25,,,,,210000,,
2/1/25,319.775,4.1,159155,7480,222000,62.4,35.9
2/8/25,,,,,215000,,
2/15/25,,,,,224000,,
2/22/25,,,,,243000,,
3/1/25,319.615,4.2,159275,7200,224000,62.5,36.02
3/8/25,,,,,223000,,
3/15/25,,,,,225000,,
3/22/25,,,,,225000,,
3/29/25,,,,,219000,,
4/1/25,320.321,4.2,159433,7395,,62.6,36.08
4/5/25,,,,,224000,,
4/12/25,,,,,216000,,
4/19/25,,,,,223000,,
4/26/25,,,,,241000,,
5/1/25,320.58,4.2,159452,7712,,62.4,36.23
5/3/25,,,,,229000,,
5/10/25,,,,,228000,,
5/17/25,,,,,226000,,
5/24/25,,,,,239000,,
5/31/25,,,,,248000,,
6/1/25,321.5,4.1,159439,7357,,62.3,36.31
6/7/25,,,,,250000,,
6/14/25,,,,,246000,,
6/21/25,,,,,237000,,
6/28/25,,,,,232000,,
7/1/25,322.132,4.2,159511,7208,,62.2,36.43
7/5/25,,,,,228000,,
7/12/25,,,,,221000,,
7/19/25,,,,,217000,,
7/26/25,,,,,219000,,
8/1/25,323.364,4.3,159485,7227,,62.3,36.58
8/2/25,,,,,227000,,
8/9/25,,,,,224000,,
8/16/25,,,,,234000,,
8/23/25,,,,,229000,,
8/30/25,,,,,236000,,
9/1/25,324.368,4.4,159593,7658,,62.4,36.65
9/6/25,,,,,264000,,
9/13/25,,,,,232000,,
9/20/25,,,,,219000,,
9/27/25,,,,,224000,,
10/1/25,,,159488,7670,,,36.81
10/4/25,,,,,235000,,
10/11/25,,,,,220000,,
10/18/25,,,,,232000,,
10/25/25,,,,,220000,,
11/1/25,325.031,4.6,159552,,229000,62.5,36.86
11/8/25,,,,,228000,,
11/15/25,,,,,222000,,
11/22/25,,,,,217000,,
11/29/25,,,,,192000,,
12/6/25,,,,,237000,,
12/13/25,,,,,224000,,